{"cameraMode":{"drawMode":0,"name":"Shaded","section":"Shading Mode"},"sceneLighting":false,"audioPlay":false,"sceneViewState":{"showFog":true,"showMaterialUpdate":false,"showSkybox":false,"showFlares":true,"showImageEffects":true,"showParticleSystems":true},"in2DMode":false,"pivot":{"x":-1.0110046863555909,"y":0.041799504309892657,"z":0.06499999761581421},"rotation":{"x":0.16934192180633546,"y":0.4791669547557831,"z":-0.09480365365743637,"w":0.8560175895690918},"size":0.04330664873123169,"orthographic":false}