{"cameraMode":{"drawMode":0,"name":"Shaded","section":"Shading Mode"},"sceneLighting":true,"audioPlay":false,"sceneViewState":{"showFog":true,"showMaterialUpdate":false,"showSkybox":true,"showFlares":true,"showImageEffects":true,"showParticleSystems":true},"in2DMode":false,"pivot":{"x":-1.6285607814788819,"y":0.9411397576332092,"z":0.20764374732971192},"rotation":{"x":0.05436958000063896,"y":0.7608645558357239,"z":-0.06430792063474655,"w":0.643455982208252},"size":0.131350576877594,"orthographic":false}