{"cameraMode":{"drawMode":0,"name":"Shaded","section":"Shading Mode"},"sceneLighting":true,"audioPlay":false,"sceneViewState":{"showFog":true,"showMaterialUpdate":false,"showSkybox":true,"showFlares":true,"showImageEffects":true,"showParticleSystems":true},"in2DMode":false,"pivot":{"x":-0.18512499332427979,"y":0.8701059222221375,"z":-0.4159564971923828},"rotation":{"x":0.16506823897361756,"y":0.4453461468219757,"z":-0.08406994491815567,"w":0.8760597109794617},"size":0.5952624678611755,"orthographic":true}