{"cameraMode":{"drawMode":0,"name":"Shaded","section":"Shading Mode"},"sceneLighting":false,"audioPlay":false,"sceneViewState":{"showFog":true,"showMaterialUpdate":false,"showSkybox":false,"showFlares":true,"showImageEffects":true,"showParticleSystems":true},"in2DMode":false,"pivot":{"x":0.48202475905418398,"y":1.2453250885009766,"z":1.5312633514404297},"rotation":{"x":0.11157263070344925,"y":-0.843643307685852,"z":0.19244055449962617,"w":0.4887745678424835},"size":1.2849817276000977,"orthographic":true}